{
  "device_name": "Global Shutter Camera",
  "resolution": [
    1920,
    1080
  ],
  "homography": [
    [
      0.1236078920449937,
      0.0015156835323534342,
      -20.0648447064941
    ],
    [
      0.006805505911131132,
      0.1160788383001355,
      -14.138797031869492
    ],
    [
      9.297603835463823e-05,
      4.2432789916280027e-05,
      0.9999999999999999
    ]
  ],
  "tags_used": 9,
  "rms_error": 1.8894001676055032,
  "camera_matrix": [
    [
      172.63425058201005,
      0.0,
      959.6226295857653
    ],
    [
      0.0,
      172.4243130238926,
      539.5697350926923
    ],
    [
      0.0,
      0.0,
      1.0
    ]
  ],
  "dist_coeffs": [
    -0.006823075738759722,
    8.68305540914413e-05,
    0.00021901347864772096,
    -0.00023138458325423262,
    -7.075275508730913e-07
  ],
  "field_width_cm": 134.3,
  "field_height_cm": 89.3,
  "detection_fps": 10
}