{
  "device_name": "Arducam OV9782 USB Camera",
  "resolution": [
    1280,
    800
  ],
  "homography": [
    [
      0.13426225498740033,
      0.0012227852840286818,
      -20.67451351450522
    ],
    [
      -0.0005710430959546054,
      0.13679356695315809,
      -7.37830550406395
    ],
    [
      -2.389774678365684e-05,
      2.089747680643423e-05,
      1.0
    ]
  ],
  "tags_used": 9,
  "rms_error": 0.04929895320133773,
  "camera_matrix": [
    [
      1876.1520845063167,
      0.0,
      689.1308974193327
    ],
    [
      0.0,
      1872.469670201059,
      248.12819364004446
    ],
    [
      0.0,
      0.0,
      1.0
    ]
  ],
  "dist_coeffs": [
    0.047054899710657176,
    -0.6805868000349261,
    0.000542076216608146,
    -0.005442880808277963,
    2.0197403276146897
  ],
  "playfield": {"width": 134.3, "height": 89.3},
  "camera_position": {"x_offset": 0.0, "y_offset": 0.0, "height": 127.0},
  "tag_heights": {
    "100": 11.8,
    "3": 0,
    "15": 15,
    "14": 5
  },

  "detection_fps": 10,
  "settings": {
    "program": "uvc-util",
    "controls": {
      "auto-exposure-mode": "0",
      "auto-exposure-priority": "0",
      "auto-white-balance-temp": "false",
      "exposure-time-abs": "7",
      "gain": "1"
    }
  }
}